lf_acr;lf_ext;country;source
Sh.A.;Shoqëri Aksionere;Albania;WIKI
Sh.p.k.;Shoqëri me përgjegjësi të kufizuar;Albania;WIKI
;Shoqëri komandite;Albania;WIKI
;Shoqëri kolektive;Albania;WIKI
S.A.S|S.A.S;corporation|Sociedades de Acciones Simplificadas;Argentinia;WIKI
S.A.;Sociedad Anónima;Argentinia;WIKI
S.R.L.;Sociedad de Responsabilidad Limitada;Argentinia;WIKI
S.C.S.;Sociedad en Comandita Simple;Argentinia;WIKI
S.C.p.A.;Sociedad en Comandita por Acciones;Argentinia;WIKI
Soc.Col.;Sociedad Colectiva;Argentinia;WIKI
S.C.e I.;Sociedad de Capital e Industria;Argentinia;WIKI
S.E.;Sociedad del Estado;Argentinia;WIKI
S.G.R.;Sociedad de Garantía Reciproca;Argentinia;WIKI
LLP;Limited liability partnership;Australia;WIKI
ILP;Incorporated limited partnership;Australia;WIKI
Inc.;Incorporated;Australia;WIKI
Ltd.;Limited;Australia;WIKI
NL;No liability;Australia;WIKI
Pty. Ltd.;Proprietary Limited Company;Australia;WIKI
Pty.;Unlimited Proprietary;Australia;WIKI
Gen;Genossenschaft|Erwerbsgenossenschaft|Wirtschaftsgenossenschaft;Austria;WIKI
;Privatstiftung;Austria;WIKI
;Verein;Austria;WIKI
e.U.;eingetragenes Einzelunternehmen;Austria;WIKI
AG;Aktiengesellschaft;Austria;WIKI
GmbH;Gesellschaft mit beschränkter Haftung;Austria;WIKI
stG;stille Gesellschaft;Austria;WIKI
GesbR;Gesellschaft des bürgerlichen Rechts;Austria;WIKI
OG;offene Gesellschaft;Austria;WIKI
GmbH & Co. KG;;Austria;WIKI
ААТ;Адкрытае акцыянернае таварыства;Belarus;WIKI
ЗАТ;Закрытае ацыянернае таварыства;Belarus;WIKI
;Індывідуальны прадпрымальнік;Belarus;WIKI
ПУП;Прыватнае унітарнае прадпрыемства;Belarus;WIKI
ТАА;Таварыства з абмежаванай адказнасцю;Belarus;WIKI
ОАО;Открытое акционерное общество;Belarus;WIKI
ЗАО;Закрытое акционерное общество;Belarus;WIKI
;Индивидуальный предприниматель;Belarus;WIKI
ЧУП;Частное унитарное предприятие;Belarus;WIKI
ООО;Общество с ограниченной ответственностью;Belarus;WIKI
;private stichting;Belgium;WIKI
;stichting van openbaar nut;Belgium;WIKI
ESV;economisch samenwerkingsverband;Belgium;WIKI
;stille handelsvennootschap;Belgium;WIKI
;tijdelijke handelsvennootschap;Belgium;WIKI
VZW;vereniging zonder winstoogmerk;Belgium;WIKI
;vereniging in deelneming;Belgium;WIKI
;feitelijke vereniging;Belgium;WIKI
;eenmanszaak;Belgium;WIKI
VOF;vennootschap onder firma;Belgium;WIKI
Comm. V.;gewone commanditaire vennootschap;Belgium;WIKI
Comm. VA;commanditaire vennootschap op aandelen;Belgium;WIKI
BVBA;besloten vennootschap met beperkte aansprakelijkheid;Belgium;WIKI
EBVBA;eenpersoons besloten vennootschap met beperkte aansprakelijkheid;Belgium;WIKI
NV;Naamloze vennootschap;Belgium;WIKI
CVBA;coöperatieve vennootschap met beperkte aansprakelijkheid;Belgium;WIKI
CVOA;coöperatieve vennootschap met onbeperkte aansprakelijkheid;Belgium;WIKI
;fondation privée;Belgium;WIKI
;fondation d'utilité publique;Belgium;WIKI
GIE;groupement d'intérêt économique;Belgium;WIKI
;société interne;Belgium;WIKI
;société momentanée;Belgium;WIKI
ASBL;association sans but lucratif;Belgium;WIKI
SEP;société en participation;Belgium;WIKI
;société de fait;Belgium;WIKI
;entreprise individuelle;Belgium;WIKI
SNC;société en nom collectif;Belgium;WIKI
SCS;société en commandite simple;Belgium;WIKI
SCA;société en commandite par actions;Belgium;WIKI
SPRL;société privée à responsabilité limitée;Belgium;WIKI
SPRLU;société privée à responsabilité limitée unipersonnelle;Belgium;WIKI
SA;societé anonyme;Belgium;WIKI
SCRL;société coopérative à responsabilité limitée;Belgium;WIKI
SCRI;société coopérative à responsabilité illimitée;Belgium;WIKI
d.d.;dioničko društvo;Bosnia and Herzegovina;WIKI
a.d.;akcionarsko društvo;Bosnia and Herzegovina;WIKI
d.n.o.;društvo s neograničenom solidarnom odgovornošću;Bosnia and Herzegovina;WIKI
d.o.o.;društvo s ograničenom odgovornošću;Bosnia and Herzegovina;WIKI
k.d.;komanditno društvo;Bosnia and Herzegovina;WIKI
s.p.;samostalni preduzetnik;Bosnia and Herzegovina;WIKI
Ltda.;Sociedade limitada;Brazil;WIKI
S.A.;Sociedade anônima;Brazil;WIKI
;Sociedade simples;Brazil;WIKI
;Sociedade em comandita simples;Brazil;WIKI
;Sociedade em nome coletivo;Brazil;WIKI
;Sociedade em conta de participação;Brazil;WIKI
;Sociedade em comum;Brazil;WIKI
;Cooperativa;Brazil;WIKI
;Empresa individual|firma individual;Brazil;WIKI
EIRELI;Empresa Individual de Responsabilidade Limitada;Brazil;WIKI
;Micro empreendedor individual;Brazil;WIKI
;Empresa pública;Brazil;WIKI
;Sociedade de economia mista;Brazil;WIKI
;Associação em sentido estrito|sem finalidade lucrativa;Brazil;WIKI
;Organização não governamental;Brazil;WIKI
;Organização da sociedade civil de interesse público;Brazil;WIKI
;Organização social;Brazil;WIKI
;Serviços sociais autônomos;Brazil;WIKI
;Fundação privada;Brazil;WIKI
;Fundação pública;Brazil;WIKI
Sdn. Bhd.;;Brunei;WIKI
Bhd.;;Brunei;WIKI
AD| АД;aktsionerno drujestvo|акционерно дружество;Bulgaria;WIKI
ADSITz| АДСИЦ;aktsionerno druzhestvo sus spetsialna investitsionna tsel|акционерно дружество със специална инвестиционна цел;Bulgaria;WIKI
EAD| ЕАД;ednolichno aktsionerno druzhestvo|еднолично акционерно дружество;Bulgaria;WIKI
EOOD| ЕООД;ednolichno druzhestvo s ogranichena otgovornost|еднолично дружество с ограничена отговорност;Bulgaria;WIKI
ET| ЕТ;ednolichen turgovetz|едноличен търговец;Bulgaria;WIKI
OOD| ООД;drujestvo s ogranichena otgovornost|дружество с ограничена отговорност;Bulgaria;WIKI
KD| КД;komanditno druzhestvo|командитно дружество;Bulgaria;WIKI
KDA| КДА ;komanditno druzhestvo s aktzii|командитно дружество с акции;Bulgaria;WIKI
SD| СД;subiratelno druzhestvo|събирателно дружество;Bulgaria;WIKI
SP;Sole Proprietorship;Cambodia;WIKI
GP;General Partnership;Cambodia;WIKI
LP;Limited Partnership;Cambodia;WIKI
SM Pte Ltd.;Single Member Private Limited Company;Cambodia;WIKI
Pte Ltd.;Private Limited Company;Cambodia;WIKI
Plc Ltd.;Public Limited Company;Cambodia;WIKI
PEEC;Public Establishment with Economic characteristics;Cambodia;WIKI
;State Company;Cambodia;WIKI
;State Joint Venture Company;Cambodia;WIKI
;Import Export Co., Ltd;Cambodia;WIKI
SP;Sole Proprietorship;Canada;WIKI
GP;General Partnership;Canada;WIKI
LP;Limited Partnership;Canada;WIKI
;Corporation;Canada;WIKI
;Joint Venture;Canada;WIKI
SpA;Sociedad por acciones;Chile;WIKI
SRL;Sociedad de Responsabilidad Limitdada;Chile;WIKI
EIRL;Empresa Individual de Responsabilidad Limitada;Chile;WIKI
S.A.;Sociedad Anónima;Chile;WIKI
S.G.R.;Sociedad de Garantia Reciproca;Chile;WIKI
LTDA.;Sociedad de responsabilidad limitada;Chile;WIKI
;有限公司|Yǒuxiàn Gōngsī;China;WIKI
;股份有限公司|Gǔfèn Yǒuxiàn Gōngsī;China;WIKI
;无限责任公司|Wúxiàn Zérèn Gōngsī;China;WIKI
;有限责任股份公司|Yǒuxiàn Zérèn Gǔfèn Gōngsī;China;WIKI
S.A.;Sociedad Anónima;Colombia;WIKI
S.A.S.;Sociedades por Acciones Simplificada;Colombia;WIKI
Ltda.;Sociedad de Responsabilidad Limitada;Colombia;WIKI
S.C.;Sociedad Colectiva;Colombia;WIKI
S. en C.;Comandita Simple;Colombia;WIKI
S.C.A.;Comandita por Acciones;Colombia;WIKI
E.U.;Empresa Unipersonal;Colombia;WIKI
S.A.;Sociedad Anónima;Costa Rica;WIKI
S.R.L.;Sociedad de Responsabilidad Limitada;Costa Rica;WIKI
d.d.;dioničko društvo;Croatia;WIKI
d.o.o.;društvo s ograničenom odgovornošću;Croatia;WIKI
j.d.o.o.;jednostavno društvo s ograničenom odgovornošću;Croatia;WIKI
j.t.d.;javno trgovačko društvo;Croatia;WIKI
k.d.;komanditno društvo;Croatia;WIKI
GIU;gospodarsko interesno udruženje;Croatia;WIKI
;zadruga;Croatia;WIKI
;obrt;Croatia;WIKI
;ortakluk;Croatia;WIKI
;slobodna djelatnost;Croatia;WIKI
;domaća radinost;Croatia;WIKI
;sporedno zanimanje;Croatia;WIKI
OPG;obiteljsko poljoprivredno gospodarstvo;Croatia;WIKI
a.s.|akc. spol.;Akciová společnost;Czech Republic;WIKI
s.r.o.|spol. s r.o.;Společnost s ručením omezeným;Czech Republic;WIKI
v.o.s.;veřejná obchodní společnost;Czech Republic;WIKI
k.s.;komanditní společnost;Czech Republic;WIKI
o.p.s.;obecně prospěšná společnost;Czech Republic;WIKI
;živnost;Czech Republic;WIKI
s.p.;státní podnik;Czech Republic;WIKI
;příspěvková organizace;Czech Republic;WIKI
z.s.;zapsaný spolek;Czech Republic;WIKI
;Enkeltmandsvirksomhed;Denmark;WIKI
;Forening;Denmark;WIKI
I/S;Interessentskab;Denmark;WIKI
IVS;Iværksætterselskab;Denmark;WIKI
ApS;Anpartsselskab;Denmark;WIKI
A/S;Aktieselskab;Denmark;WIKI
K/S;Kommanditselskab;Denmark;WIKI
P/S;Partnerselskab or Kommanditaktieselskab;Denmark;WIKI
A.M.B.A.;Andelsselskab med begrænset ansvar;Denmark;WIKI
F.M.B.A.;Forening med begrænset ansvar;Denmark;WIKI
S.M.B.A.;Selskab med begrænset ansvar;Denmark;WIKI
;Partsrederi;Denmark;WIKI
;Erhvervsdrivende fond;Denmark;WIKI
G/S;Gensidigt selskab;Denmark;WIKI
C. por A.|CXA;Compañía por Acciones;Dominican Republic;WIKI
S.A.;Sociedad Anónima;Dominican Republic;WIKI
S.A.S;Sociedad Anónima Simplificada;Dominican Republic;WIKI
SRL.;Sociedad de Resposabilidad Limitada;Dominican Republic;WIKI
EIRL.;Empresa Individual de Responsabilidad Limitada;Dominican Republic;WIKI
;Sociedad En Comandita Simple;Dominican Republic;WIKI
S.A.;Sociedad Anónima;Ecuador;WIKI
C.A.;Compañía Anónima;Ecuador;WIKI
Cía. Ltda.;Compañía Limitada;Ecuador;WIKI
EP;Empresa Pública;Ecuador;WIKI
SAE ;Sharikat al-Mossahamah;Egypt;WIKI
LLC ;Limited Liability Company;Egypt;WIKI
;Sharikat Tadamun;Egypt;WIKI
;Sharikat Tawssiyah Bassita;Egypt;WIKI
;Sharikat Tawssiyah Belashom;Egypt;WIKI
FIE ;Füüsilisest isikust ettevõtja;Estonia;WIKI
UÜ;Usaldusühing;Estonia;WIKI
TÜ;Täisühing;Estonia;WIKI
OÜ;Osaühing;Estonia;WIKI
AS;Aktsiaselts;Estonia;WIKI
;Tulundusühistu;Estonia;WIKI
MTÜ;Mittetulundusühing;Estonia;WIKI
PLC;Private limited company|ሃላፊነቱ የተወሰነ የግል ማህበር;Ethiopia;WIKI
SC;Share company|አክሲዩን ማህበር;Ethiopia;WIKI
CS;cooperative societies|ህብረት ስራ ማህበራት;Ethiopia;WIKI
PE|PC;public enterprises or public corporations|የመንግስት ልማት ድርጅቶች or ኮርፖሬሽን;Ethiopia;WIKI
EEIG ;European Economic Interest Grouping;EU;WIKI
SCE;Societas Cooperativa Europaea;EU;WIKI
SE;Societas Europaea;EU;WIKI
SPE;Societas Privata Europaea;EU;WIKI
Ay;avoin yhtiö|öppet bolag;Finland;WIKI
Ky|kb;kommandiittiyhtiö|kommanditbolag;Finland;WIKI
Oy|Ab;osakeyhtiö|aktiebolag;Finland;WIKI
Oyj|Abp;julkinen osakeyhtiö|publikt aktiebolag;Finland;WIKI
osk|Anl.;osuuskunta|andelslag;Finland;WIKI
T:mi|toiminimi|firma|F:ma;Yksityinen elinkeinonharjoittaja|enskild näringsidkare;Finland;WIKI
ry|rf;rekisteröity yhdistysförening;Finland;WIKI
rp;rekisteröity puolue|registrerat parti;Finland;WIKI
rs;säätiö|stiftelse;Finland;WIKI
;uskonnollinen yhdyskunta|religionssamfund;Finland;WIKI
;valtion liikelaitos|statens affärsverk;Finland;WIKI
;kunnallinen liikelaitos|kommunal affärsverk;Finland;WIKI
;paliskunta;Finland;WIKI
;asunto-osakeyhtiö|bostadsaktiebolag;Finland;WIKI
jy;julkinen keskinäinen vakuutusyhtiö|publikt ömsesidigt försäkringsbolag;Finland;WIKI
;keskinäinen kiinteistöosakeyhtiö|ömsesidiga fastighetsaktiebolag;Finland;WIKI
;keskinäinen vakuutusyhtiö|ömsesidigt försäkringsbolag;Finland;WIKI
;laivaisännistöyhtiö|partrederi;Finland;WIKI
;säästöpankki|sparbank;Finland;WIKI
;keskivedenkorkeuden muuttamista varten perustettu yhteisö|Sammanslutning som bildas för höjning av medelvattenståndet;Finland;WIKI
;ojitusyhteisö|dikningssammanslutning;Finland;WIKI
;säännöstely-yhteisö|regleringssammanslutning;Finland;WIKI
;tiekunta|väglag;Finland;WIKI
;uittoyhteisö|flottningssammanslutning;Finland;WIKI
;vesioikeudellinen yhteisö|vattenrättslig sammanslutning;Finland;WIKI
;yhteisalue|samfälliga område;Finland;WIKI
;yhteismetsä|samfälld skog;Finland;WIKI
;osakaskunta|jakokunta;Finland;WIKI
SE;Eurooppayhtiö|European Company;Finland;WIKI
SCE;Eurooppaosuuskunta|European Cooperative Society;Finland;WIKI
EEIG;Eurooppalainen taloudellinen etuyhtymä|europeisk ekonomisk intressegruppering;Finland;WIKI
;Auto-entrepreneur;Finland;WIKI
;Profession libérale;France;WIKI
;Sociétés d'exercice libéral;France;WIKI
EI;Entreprise individuelle|entreprise en nom personnel;France;WIKI
FCP;Fond commun de placement;France;WIKI
;Société d'investissement à capital fixe;France;WIKI
SICAV;Société d'investissement à capital variable;France;WIKI
GIE;Groupement d'intérêt économique;France;WIKI
;Association non-déclarée;France;WIKI
;Association déclarée;France;WIKI
SEP;Société en participation;France;WIKI
SNC;Société en nom collectif;France;WIKI
SCS;Société en commandite simple;France;WIKI
SCA;Société en commandite par actions;France;WIKI
SCI;Société Civile Immobilière;France;WIKI
SARL|SàRL;Société à responsabilité limitée;France;WIKI
EURL ;Entreprise unipersonnelle à responsabilité limitée;France;WIKI
SA;Société anonyme;France;WIKI
SCOP;Société coopérative de production;France;WIKI
SEM;Société d'économie mixte;France;WIKI
SAS ;Société par actions simplifiée;France;WIKI
SASU;U- unipersonnelle;France;WIKI
;Einzelunternehmen;France;WIKI
e.K.|e.Kfm.|e.Kfr.;Eingetragener Kaufmann|eingetragene Kauffrau;Germany;WIKI
GbR;Gesellschaft bürgerlichen Rechts|BGB-Gesellschaft;Germany;WIKI
;nicht-eingetragener Verein;Germany;WIKI
OHG;Offene Handelsgesellschaft;Germany;WIKI
KG;Kommanditgesellschaft;Germany;WIKI
GmbH & Co. KG;;Germany;WIKI
AG & Co. KG;;Germany;WIKI
GmbH & Co. OHG;;Germany;WIKI
PartG;Partnerschaftsgesellschaft;Germany;WIKI
PartGmbBH;Partnerschaftsgesellschaft mit beschränkter Berufshaftung;Germany;WIKI
;Partenreederei;Germany;WIKI
e.V.;eingetragener Verein;Germany;WIKI
r.V.;altrechtlicher Verein|rechtsfähiger Verein;Germany;WIKI
;wirtschaftlicher Verein;Germany;WIKI
KGaA;Kommanditgesellschaft auf Aktien;Germany;WIKI
GmbH & Co. KGaA;;Germany;WIKI
AG & Co. KGaA;;Germany;WIKI
GmbH;Gesellschaft mit beschränkter Haftung;Germany;WIKI
UG (haftungsbeschränkt);Unternehmergesellschaft (haftungsbeschränkt);Germany;WIKI
AG;Aktiengesellschaft;Germany;WIKI
e.G.;eingetragene Genossenschaft;Germany;WIKI
;Körperschaft des öffentlichen Rechts;Germany;WIKI
;Stiftung;Germany;WIKI
;Stiftung des öffentlichen Rechts;Germany;WIKI
;Anstalt des öffentlichen Rechts;Germany;WIKI
A.E.|S.A.;Anónimi Etaireía|Ανώνυμη Εταιρεία;Germany;WIKI
A.V.E.E.|Α.Β.Ε.Ε.;Anónimi Viomichanikí Emborikí Etaireía|Ανώνυμη Βιομηχανική Εμπορική Εταιρεία;Greece;WIKI
E.E.;Eterórrithmi Etaireía|Ετερόρρυθμη Εταιρία;Greece;WIKI
E.P.E.|Ε.Π.Ε.;Etaireía Periorisménis Efthínis|Εταιρεία Περιορισμένης Ευθύνης;Greece;WIKI
M.E.P.E.|Μ.Ε.Π.Ε.;Monoprósopi Etaireía Periorisménis Efthínis|Μονοπρόσωπη;Greece;WIKI
O.E.;Omórrithmi Etaireía|Ομόρρυθμη Εταιρεία;Greece;WIKI
O.V.E.E.|Ο.Β.Ε.Ε.;Omórrithmi Viomichanikí Emborikí Etaireía|Ομόρρυθμη Βιομηχανική Εμπορική Εταιρεία;Greece;WIKI
I.K.E.;Idiotiki Kefalaiouchiki Etaireía|Ιδιωτική Κεφαλαιουχική Εταιρεία;Greece;WIKI
y Cía. S. C.;Sociedad Colectiva;Greece;WIKI
y Cía. S. en C.;Sociedad en Comandita Simple;Guatemala;WIKI
Cía. Ltda.;Sociedad de Responsabilidad Limitada;Guatemala;WIKI
S. A.;Sociedad Anónima;Guatemala;WIKI
Cía. S. C. A;Sociedad en Comandita por Acciones;Guatemala;WIKI
SA;Sociedad Anónima;Guatemala;WIKI
Ltd;Limited|有限公司;Haiti;WIKI
Unltd|Ultd ;Unlimited|無限公司;Hong Kong;WIKI
e.v.;egyéni vállalkozó;Hong Kong;WIKI
e.c.;egyéni cég;Hungary;WIKI
bt. ;betéti társaság;Hungary;WIKI
kkt.;közkereseti társaság;Hungary;WIKI
kft.;korlátolt felelősségű társaság;Hungary;WIKI
kht.;közhasznú társaság;Hungary;WIKI
kv.;közös vállalat;Hungary;WIKI
rt.;részvénytársaság;Hungary;WIKI
Nyrt.;nyilvánosan működő részvénytársaság;Hungary;WIKI
Zrt.;zártkörűen működő részvénytársaság;Hungary;WIKI
szöv.;szövetkezet;Hungary;WIKI
;egyesülés;Hungary;WIKI
ehf.;einkahlutafélag;Hungary;WIKI
;einstaklingsfyrirtæki;Iceland;WIKI
hf.;hlutafélag;Iceland;WIKI
ohf.;opinbert hlutafélag;Iceland;WIKI
saf.;samlagsfélag;Iceland;WIKI
sv.;samvinnufélag;Iceland;WIKI
sam.;samsteypa;Iceland;WIKI
sf.;sameignarfélag;Iceland;WIKI
sfs.;sjálfseignarstofnun;Iceland;WIKI
;Sole Proprietorship;Iceland;WIKI
;Limited Liability Partnership;India;WIKI
HUF;Hindu Undivided Family;India;WIKI
;Cooperative;India;WIKI
;Dormant company;India;WIKI
;Family Owned Business;India;WIKI
Pvt Ltd;Private Limited Company;India;WIKI
;Small company;India;WIKI
Ltd;Public Limited Company;India;WIKI
PSU;Public Sector Undertaking;India;WIKI
;One-person company;India;WIKI
;Unlimited Company;India;WIKI
;Incorporation Company;India;WIKI
;Yayasan;India;WIKI
UD;Usaha Dagang;Indonesia;WIKI
Fa;Firma;Indonesia;WIKI
;Koperasi;Indonesia;WIKI
mts;maatschap|Persekutuan Perdata;Indonesia;WIKI
cv;Commanditaire vennootschap|Perusahaan|Persekutuan Komanditer;Indonesia;WIKI
PT;Perseroan Terbatas;Indonesia;WIKI
PT Tbk;Perseroan Terbatas Terbuka or Perseroan Terbuka;Indonesia;WIKI
;Sherkat Sahami Am;Indonesia;WIKI
;Sherkat Sahami Khas;Iran;WIKI
;Sherkat ba Masouliyat Mahdoud;Iran;WIKI
;Sherkat Mokhtalet Gheyr Sahami;Iran;WIKI
;Sherkat Mokhtalet Sahami;Iran;WIKI
;Sherkat Tazamoni;Iran;WIKI
;Sherkat Nesbi;Iran;WIKI
;Sherkat Ta'avoni Tolid va Masraf;Iran;WIKI
;Private company limited by shares;Iran;WIKI
;Company limited by guarantee not having a share capital;Ireland;WIKI
;Company limited by guarantee having a share capital;Ireland;WIKI
;Single Member Company;Ireland;WIKI
;Unlimited Company;Ireland;WIKI
UCITS;Undertakings for Collective Investment in Transferable Securities;Ireland;WIKI
חברה;Company|khevra;Ireland;WIKI
;Private company;Israel;WIKI
;Public company;Israel;WIKI
;Charity company|khevra le'to'ellet ha'tzibur|חברה לתועלת הציבור;Israel;WIKI
;Partnership|shutafut|שותפות;Israel;WIKI
;Cooperative|aguda shitufit|אגודה שיתופית;Israel;WIKI
;Voluntary association|amuta|עמותה;Israel;WIKI
;Artigiano;Israel;WIKI
;Lavoratore autonomo;Italy;WIKI
;Libero professionista;Italy;WIKI
;Imprenditore;Italy;WIKI
S.s.;Società semplice;Italy;WIKI
S.n.c.;Società in nome collettivo;Italy;WIKI
S.a.s.;Società in accomandita semplice;Italy;WIKI
S.p.a.;Società per azioni;Italy;WIKI
S.a.p.a.;Società in accomandita per azioni;Italy;WIKI
S.c.p.a.;Società consortile per azioni;Italy;WIKI
S.c.a.r.l.;Società consortile a responsabilità limitata;Italy;WIKI
S.r.l.;Società a responsabilità limitata;Italy;WIKI
S.c.r.l.;Società cooperativa a responsabilità limitata cooperative limited liability company;Italy;WIKI
K.K.;株式会社|kabushiki-kaisha or kabushiki-gaisha;Italy;WIKI
Y.K.;有限会社|yūgen-kaisha or yūgen-gaisha;Japan;WIKI
G.K.;合同会社|gōdō-kaisha or gōdō-gaisha;Japan;WIKI
GMK;合名会社|gōmei-kaisha or gōmei-gaisha;Japan;WIKI
GSK;合資会社|gōshi-kaisha or gōshi-gaisha;Japan;WIKI
NK;任意組合|nin'i kumiai;Japan;WIKI
TK;匿名組合|tokumei kumiai;Japan;WIKI
;投資事業有限責任組合|tōshi jigyō yūgen sekinin kumiai;Japan;WIKI
;有限責任事業組合|yūgen sekinin jigyō kumiai;Japan;WIKI
;Partnership|General Partnership Company;Japan;WIKI
;Limited Liability|Limited Liability Company;Jordan;WIKI
;Limited Liability in Shares|Limited Liability in Shares;Jordan;WIKI
;Public Shareholding|Public listed stock company;Jordan;WIKI
;Private Shareholding Companies|Private listed stock company;Jordan;WIKI
;Foreign Company|Non-Jordanian company operating in Jordan;Jordan;WIKI
АО;Aktsionernoe obschestvo|Акционерное общество;Jordan;WIKI
ТОО;Tovarishchestvo s ogranichennoy otvetstvennostyu|Товарищество с ограниченной ответственностью;Kazakhstan;WIKI
TDO|ТДО;Tovarishchestvo s dopolnitelnoyu otvetstvennostyu|Товарищество с дополнительной ответственностью|Additional liability partnership;Kazakhstan;WIKI
GP|ГП;Gosudarstvenoe predpriyatie|Государственное предприятие;Kazakhstan;WIKI
КТ;"Komanditnoe Tovarishchestvo; Командитное товарищество";Kazakhstan;WIKI
ОО;Obshestvennoe Obedinenie|Общественное объединение|Social association;Kazakhstan;WIKI
PT|ПТ;Polnoe Tovarishchestvo|Полное товарищество|Full partnership;Kazakhstan;WIKI
PtK|ПтК;Potrebibitelskii Kooperativ|Потребительский кооператив;Kazakhstan;WIKI
PrK|ПрК;Proizvodstvenni Kooperativ|Производственный кооператив;Kazakhstan;WIKI
РО;Relitioznoe Obedinenie|Религиозное объединение;Kazakhstan;WIKI
Uchr|Учр;Uchrezhdenie|Учреждение;Kazakhstan;WIKI
;주식회사|株式會社|jusik hoesa;Kazakhstan;WIKI
;유한회사|有限會社|yuhan hoesa;Korea, South;WIKI
;유한책임회사|有限責任會社|yuhan chaeg-im hoesa;Korea, South;WIKI
;합자회사|合資會社|hapja hoesa;Korea, South;WIKI
;합명회사|合名會社|hapmyeong hoesa;Korea, South;WIKI
SIA;Sabiedrība ar ierobežotu atbildību;Korea, South;WIKI
AS;Akciju sabiedrība;Latvia;WIKI
IK;Individuālais komersants;Latvia;WIKI
PS;Pilnsabiedrība;Latvia;WIKI
KS;Komandītsabiedrība;Latvia;WIKI
ĀKF;Ārzemju komersanta filiāle;Latvia;WIKI
BO;Bezpeļņas organizācija;Latvia;WIKI
VSIA;Valsts sabiedrība ar ierobežotu atbildību;Latvia;WIKI
s.a.l.;Societe Anonyme Libanaise;Latvia;WIKI
S.A.R.L.;Société à responsabilité limitée;Lebanon;WIKI
;Partnership;Lebanon;WIKI
S.N.C.;Société en Nom Collectif;Lebanon;WIKI
S.C.S.;Société en Commandite Simple;Lebanon;WIKI
;Holding Company;Lebanon;WIKI
;Offshore companyRR;Lebanon;WIKI
;Branch of Foreign Company;Lebanon;WIKI
;Representative Office;Lebanon;WIKI
UAB;Uždaroji akcinė bendrovė;Lebanon;WIKI
AB;Akcinė bendrovė;Lithuania;WIKI
VšĮ;Viešoji įstaiga;Lithuania;WIKI
IĮ;Individuali įmonė;Lithuania;WIKI
;Individuali veikla;Lithuania;WIKI
TŪB;Tikroji ūkinė bendrija;Lithuania;WIKI
KŪB;Komanditinė ūkinė bendrija;Lithuania;WIKI
MB;Mažoji bendrija;Lithuania;WIKI
S.A.;Société anonyme;Lithuania;WIKI
S.A.R.L.;Société à responsabilité limitée;Luxembourg;WIKI
SCS;Société en commandite simple;Luxembourg;WIKI
SCSp;Société en Commandite Spéciale;Luxembourg;WIKI
A.D.|А.Д.;Akcionersko Društvo|Акционерско друштво;Luxembourg;WIKI
D.O.O.|Д.О.О.;Društvo so Ograničena Odgovornost|Друштво со ограничена одговорност;Macedonia;WIKI
D.O.O.E.L.|Д.О.О.Е.Л.;Društvo so Ograničena Odgovornost od Edno Lice|Друштво со ограничена одговорност основано од едно лице;Macedonia;WIKI
K.D.|К.Д.;Komanditno Društvo|Командитно друштво;Macedonia;WIKI
K.D.A.|К.Д.А.;Komanditno Društvo so Akcie|Командитно друштво со акции;Macedonia;WIKI
J.T.D.|Ј.Т.Д.;Javno Trgovsko Društvo|Јавно трговско друштво;Macedonia;WIKI
PLT;;Macedonia;WIKI
Bhd.;Berhad;Malaysia;WIKI
Sdn. Bhd.;Sendirian Berhad;Malaysia;WIKI
;Persona Física;Malaysia;WIKI
S.A.;Sociedad Anónima;Mexico;WIKI
S. de R.L.;Sociedad de Responsabilidad Limitada;Mexico;WIKI
;Sociedad en Nombre Colectivo;Mexico;WIKI
S. en C.;Sociedad en Comandita Simple;Mexico;WIKI
S. en C. por A.;Sociedad en Comandita por Acciones;Mexico;WIKI
S.A.B.;Sociedad Anónima Bursátil;Mexico;WIKI
S.A.P.I.;Sociedad Anónima Promotora de Inversión;Mexico;WIKI
SAM;Société Anonyme Monégasque;Mexico;WIKI
SARL;Société à Responsabilité Limitée;Monaco;WIKI
SNC;Societe en Nom Collectif;Monaco;WIKI
SCS;Societe En Commandite Simple;Monaco;WIKI
SCA;Société en Commandite par Actions;Monaco;WIKI
;Sole Trader;Monaco;WIKI
ХК;Khuvitsaat Kompani|Хувьцаат Компани;Monaco;WIKI
ХХК;Khyazgaarlagdmal Khariutslagatai Kompani|Хязгаарлагдмал Хариуцлагатай Компани;Mongolia;WIKI
ТББ;Töriin Bus Baiguullaga|Төрийн Бус Байгууллага;Mongolia;WIKI
ГХО ХХК;Gadaadiin khurungu oruulalttai khyazgaarlagdmal khariutslagatai kompani|Гадаадын хөрөнгө оруулалттай хязгаарлагдмал хариуцлагатай компани;Mongolia;WIKI
;Preduzetnik;Mongolia;WIKI
O.D.;Ortačko Društvo;Montenegro;WIKI
K.D.;Komanditno Društvo;Montenegro;WIKI
A.D.;Akcionarsko Društvo;Montenegro;WIKI
D.O.O.;Društvo sa Ograničenom Odgovornošću;Montenegro;WIKI
;Dio stranog društva|Dio stranog društva;Montenegro;WIKI
S.A;Société Anonyme;Montenegro;WIKI
S.A.S;Société Anonyme Simplifiée;Morocco;WIKI
S.A.R.L;Société à Responsabilité Limitée;Morocco;WIKI
G.I.E ;Groupement d'Intérêt Economique;Morocco;WIKI
S.N.C ;Société en Nom Collectif;Morocco;WIKI
S.C.S ;Société en Commandite Simple;Morocco;WIKI
S.C.A;Société en Commandite par Actions;Morocco;WIKI
;Close Corporation;Morocco;WIKI
;Companies;Namibia;WIKI
;Sole Trader;Namibia;WIKI
;Partnership;Namibia;WIKI
;Trusts;Namibia;WIKI
;Co-operatives;Namibia;WIKI
;Private Limited Company;Namibia;WIKI
;Public Limited Company;Nepal;WIKI
;Stichting;Nepal;WIKI
W.A.;Wettelijke Aansprakelijkheid;Netherlands;WIKI
B.A.;Beperkte Aansprakelijkheid;Netherlands;WIKI
U.A.;Uitsluiting van Aansprakelijkheid;Netherlands;WIKI
;Coöperatie;Netherlands;WIKI
;Onderlinge waarborgmaatschappij;Netherlands;WIKI
Mij;Maatschappij;Netherlands;WIKI
Mts;Maatschap;Netherlands;WIKI
;Eenmanszaak;Netherlands;WIKI
vof;Vennootschap onder firma;Netherlands;WIKI
cv;Commanditaire vennootschap;Netherlands;WIKI
bv;Besloten vennootschap;Netherlands;WIKI
nv;Naamloze vennootschap;Netherlands;WIKI
Ltd;Limited;Netherlands;WIKI
LTC;Look-through company;New Zealand;WIKI
S.A.;;New Zealand;WIKI
Cia.;;Nicaragua;WIKI
Cia. Ltda.;;Nicaragua;WIKI
S.C.S.;;Nicaragua;WIKI
S.C.A.;;Nicaragua;WIKI
Ltd.;Private Limited Company;Nicaragua;WIKI
PLC;Public Limited Company;Nigeria;WIKI
Ltd.|Gte.;Limited by Guarantee;Nigeria;WIKI
ULtd.;Unlimited;Nigeria;WIKI
LLP;Limited Liability Partnership;Nigeria;WIKI
ASA;Allmennaksjeselskap;Nigeria;WIKI
AS;Aksjeselskap;Norway;WIKI
ANS ;Ansvarlig selskap;Norway;WIKI
BA ;Selskap med begrenset ansvar;Norway;WIKI
BL;Borettslag;Norway;WIKI
DA;Selskap med delt ansvar;Norway;WIKI
;Enkeltpersonforetak;Norway;WIKI
;Etat;Norway;WIKI
FKF;Fylkeskommunalt foretak;Norway;WIKI
HF;helseforetak;Norway;WIKI
IKS;Interkommunalt selskap;Norway;WIKI
KF;Kommunalt foretak;Norway;WIKI
KS;Kommandittselskap;Norway;WIKI
NUF;Norskregistrert utenlandsk foretak;Norway;WIKI
RHF;regionalt helseforetak;Norway;WIKI
SF;Statsforetak;Norway;WIKI
;Sparebank;Norway;WIKI
;Stiftelse;Norway;WIKI
UB;Ungdomsbedrift;Norway;WIKI
SAOG;Société Anonyme Omanaise Générale|Public Joint Stock Company;Norway;WIKI
SAOC;Société Anonyme Omanaise Close|Closed Joint Stock Company;Oman;WIKI
;Sole Proprietorship;Oman;WIKI
;Partnership;Pakistan;WIKI
;Company;Pakistan;WIKI
S.A.;Sociedad Anónima;Pakistan;WIKI
S.A.A.;Sociedad Anónima Abierta;Peru;WIKI
S.A.C.;Sociedad Anónima Cerrada;Peru;WIKI
Co.;Company;Peru;WIKI
Coop.;Cooperative;Philippines;WIKI
Corp.;Corporation;Philippines;WIKI
Ent.;Enterprise;Philippines;WIKI
Inc.;Incorporated;Philippines;WIKI
Ltd.|Ltd. Co.;Limited|Limited Company;Philippines;WIKI
Cía;Compañía;Philippines;WIKI
SA;Sociedad Anónima;Philippines;WIKI
;jednoosobowa działalność gospodarcza;Philippines;WIKI
;Przedsiębiorstwo Państwowe;Poland;WIKI
S.A.;spółka akcyjna;Poland;WIKI
s.c.;spółka cywilna;Poland;WIKI
S.K.A.;spółka komandytowo-akcyjna;Poland;WIKI
sp.j.;spółka jawna;Poland;WIKI
sp.k.;spółka komandytowa;Poland;WIKI
sp.p.;spółka partnerska;Poland;WIKI
Sp. z o.o.;spółka z ograniczoną odpowiedzialnością;Poland;WIKI
;Spółdzielnia;Poland;WIKI
CRL;Cooperativa de Responsabilidade Limitada;Poland;WIKI
S.A.;Sociedade Anónima;Portugal;WIKI
S.A.;Sociedade Aberta;Portugal;WIKI
S.F.;Sociedade Fechada;Portugal;WIKI
Lda.;Limitada;Portugal;WIKI
;Unipessoal Lda.;Portugal;WIKI
SGPS;Sociedade Gestora de Participações Sociais;Portugal;WIKI
S.A.;Societate pe Acţiuni;Portugal;WIKI
S.C.A.;societate în comandită pe acţiuni;Romania;WIKI
S.C.S.;societate în comandită simplă;Romania;WIKI
S.N.C.;societate în nume colectiv;Romania;WIKI
S.R.L.;societate cu răspundere limitată;Romania;WIKI
PFA;persoana fizica autorizata;Romania;WIKI
O.N.G.;Organizație Non-Guvernamentală;Romania;WIKI
NKO|НКО;Nekommercheskaya organizatsiya|Некоммерческая организация;Romania;WIKI
GP|ГП|GUP|ГУП;Gosudarstvennoye (unitarnoye)|predpriyatiye|Государственное (унитарное)|предприятие;Russia;WIKI
IP|ИП;Individualny predprinimatel'|Индивидуальный предприниматель;Russia;WIKI
OOO|ООО;Obschestvo s ogranichennoy otvetstvennostyu|Общество с ограниченной ответственностью;Russia;WIKI
PAO|ПАО;Publichnoye aktsionernoye obschestvo|Публичное акционерное общество;Russia;WIKI
;Kooperativ|кооператив;Russia;WIKI
АО|AO ;Aktsionernoye obschestvo|Акционерное общество;Russia;WIKI
;Prostoye tovarishestvo|Простое товарищество|general partnership|Kommanditnoe tovarishestvo|Коммандитное товарищество|limited partnership;Russia;WIKI
;Hozyaystvennoye partnyorstvo|Хозяйственное партнёрство|business partnership;Russia;WIKI
;Private Limited Company;Russia;WIKI
;Joint-Stock company;Saudi Arabia;WIKI
;General Partnership Company;Saudi Arabia;WIKI
;Limited Partnership;Saudi Arabia;WIKI
;Foreign Company;Saudi Arabia;WIKI
;Individual Establishment;Saudi Arabia;WIKI
j.p.|ј.п.;javno preduzeće|јавно предузеће;Saudi Arabia;WIKI
a.d.|a.д.|d.d.|д.д.;akcionarsko društvo|aкционарско друштво|deoničarsko društvo|деоничарско друштво or deoničko društvo|деоничко друштво;Serbia;WIKI
d.o.o.|д.о.о.;društvo sa ograničenom odgovornošću|друштво сa ограниченом одговорношћу;Serbia;WIKI
k.d.|к.д.;komanditno društvo|командитно друштво;Serbia;WIKI
o.d.|о.д.;ortačko društvo|ортачко друштво;Serbia;WIKI
;preduzetnik предузетник;Serbia;WIKI
LLP;limited liability partnership;Serbia;WIKI
Pte Ltd|Sdn Bhd;private limited company|Sendirian Berhad;Singapore;WIKI
Ltd|Bhd;public limited company|Berhad;Singapore;WIKI
a.s.;Akciová spoločnosť;Singapore;WIKI
s.r.o.|spol. s r.o.;Spoločnosť s ručením obmedzeným;Slovakia;WIKI
k.s.;Komanditná spoločnosť;Slovakia;WIKI
v.o.s.;Verejná obchodná spoločnosť;Slovakia;WIKI
;družstvo;Slovakia;WIKI
;živnosť;Slovakia;WIKI
d.d.;Delniška družba;Slovakia;WIKI
d.o.o.;Družba z omejeno odgovornostjo;Slovenia;WIKI
d.n.o.;Družba z neomejeno odgovornostjo;Slovenia;WIKI
k.d.;Komanditna družba;Slovenia;WIKI
s.p.;Samostojni podjetnik;Slovenia;WIKI
;Sole proprietorship|Alleeneienaar;Slovenia;WIKI
;Business trust|Trust;South Africa;WIKI
;Partnership|Vennootskap;South Africa;WIKI
;Companies|Maatskappye;South Africa;WIKI
;Company limited by guarantee;South Africa;WIKI
;Incorporated association not for gain|vereniging sonder winsoogmerk;South Africa;WIKI
;Companies having a share capital;South Africa;WIKI
;Private company|privaat maatskappy;South Africa;WIKI
Ltd.;Public company|publieke maatskappy;South Africa;WIKI
CC|BK;Close corporation|beslote korporasie;South Africa;WIKI
S.A.;Sociedad Anónima;South Africa;WIKI
S.L.;Sociedad Limitada;Spain;WIKI
S.L.N.E.;Sociedad Limitada Nueva Empresa;Spain;WIKI
S.A.D.;Sociedad Anónima Deportiva;Spain;WIKI
S.L.L.;Sociedad Limitada Laboral;Spain;WIKI
S.C.;Sociedad Colectiva;Spain;WIKI
S.C.P.;Sociedad Civil Privada;Spain;WIKI
S.Cra.;Sociedad Comanditaria;Spain;WIKI
S.Coop.;Sociedad Cooperativa;Spain;WIKI
SAL;Sociedad Anónima Laboral;Spain;WIKI
SCCL;Sociedad Cooperativa Catalana Limitada;Spain;WIKI
AB;Aktiebolag;Spain;WIKI
AB (publ);Publikt aktiebolag;Sweden;WIKI
Ek. för.;Ekonomisk förening;Sweden;WIKI
;Bostadsrättsförening;Sweden;WIKI
;Hyresrättsförening;Sweden;WIKI
;Kooperativ;Sweden;WIKI
;Enskild firma;Sweden;WIKI
HB;Handelsbolag;Sweden;WIKI
KB;Kommanditbolag;Sweden;WIKI
;Enkelt bolag;Sweden;WIKI
;Ideell förening;Sweden;WIKI
;Stiftelse;Sweden;WIKI
;Filial;Sweden;WIKI
AG |SA|SA;Aktiengesellschaft|Société anonyme|Società anonima;Sweden;WIKI
GmbH|Sàrl|Sagl;Gesellschaft mit beschränkter Haftung|Société à responsabilité limitée|Società a garanzia limitata;Switzerland;WIKI
;Stiftung|fondation|fondazione;Switzerland;WIKI
;investment fund|Anlagefonds|fonds de placement|fondo di investimento;Switzerland;WIKI
SICAF|SICAF;Investmentgesellschaft mit festem Kapital|société d'investissement à capital fixe|società di investimento a capitale fisso;Switzerland;WIKI
SICAV|SICAV;Investmentgesellschaft mit variablem Kapital|société d'investissement à capital variable|società di investimento a capitale variabile;Switzerland;WIKI
;Verein|association|associazione;Switzerland;WIKI
wIG|GIE;wirtschaftliche Interessengemeinschaft|groupement d'intérêt économique|gruppo di interesse economico;Switzerland;WIKI
RI;Einzelunternehmen|raison individuelle|ditta individuale;Switzerland;WIKI
;;Switzerland;WIKI
;partnerships|Rechsgemeinschaft|société de personnes|società di persone;Switzerland;WIKI
eG;einfache Gesellschaft|société simple|società semplice;Switzerland;WIKI
KolG|SNC;Kollektivgesellschaft|société en nom collectif|società in nome collettivo;Switzerland;WIKI
KG|SC;Kommanditgesellschaft|société en commandite|società in accomandita;Switzerland;WIKI
;Körperschaft|société de capitaux|società di capitale;Switzerland;WIKI
KomAG |SCA;Kommanditaktiengesellschaft|société en commandite par actions|società in accomandita per azioni;Switzerland;WIKI
GmbH | Sàrl|Sagl;Gesellschaft mit beschränkter Haftung|société à responsabilité limitée|società a garanzia limitata;Switzerland;WIKI
AG|SA|SA;Aktiengesellschaft|société anonyme|società anonima;Switzerland;WIKI
Scoop;Genossenschaft|société coopérative|società cooperativa;Switzerland;WIKI
;Zweigniederlassung|succursale|succursale;Switzerland;WIKI
;無限公司|Unlimited Company;Switzerland;WIKI
;有限公司|Limited Company|yǒuxiàn gōngsī;Taiwan;WIKI
;兩合公司|Limited Partnership;Taiwan;WIKI
;股份有限公司|Public Limited Company|Public Limited Corporation|gǔfèn yǒuxiàn gōngsī;Taiwan;WIKI
;;Taiwan;WIKI
;;Taiwan;WIKI
;;Taiwan;WIKI
;;Taiwan;WIKI
;Adi Şirket;Taiwan;WIKI
;Şahıs şirketleri;Turkey;WIKI
Koll. Şti.;Kolektif şirket;Turkey;WIKI
Kom. Şti;Komandit şirket;Turkey;WIKI
;Sermaye şirketleri;Turkey;WIKI
A.Ş.|A.O.;Anonim Şirket|Anonim Ortaklık;Turkey;WIKI
Ltd. Şti.|L.Ş.|L.O.;Limited şirket|Limited Ortaklık;Turkey;WIKI
HAAO;Halka Açık Anonim Ortaklık;Turkey;WIKI
Koop.;Kooperatif Şirket;Turkey;WIKI
;irtibat bürosu;Turkey;WIKI
;Şahıs Firması;Turkey;WIKI
Şb.;Şube;Turkey;WIKI
;Entreprise individuelle;Turkey;WIKI
SARL;Société à responsabilité limitée;Tunisia;WIKI
SUARL;Société unipersonnelle à responsabilité limitée;Tunisia;WIKI
SA;Société anonyme;Tunisia;WIKI
;;Tunisia;WIKI
DAT|ДАТ;Державне акціонерне товариство|Derzhavne aktsionerne tovarystvo;Tunisia;WIKI
FOP|ФОП;Фізична особа підприємець|Fizychna osoba pidpryyemets;Ukraine;WIKI
KT|КТ;Командитне товариство|Komandytne tovarystvo;Ukraine;WIKI
PT|ПT;Повне товариство|Povne tovarystvo;Ukraine;WIKI
TDV|ТДВ;Товариство з додатковою відповідальністю|Tovarystvo z dodatkvoiu vidpovidalnistiu;Ukraine;WIKI
TOV|TOB;Товариство з обмеженою відповідальністю|Tovarystvo z obmezhenoiu vidpovidalnistiu;Ukraine;WIKI
PP|ПП;Приватне підприємство|Pryvatne pidpryyemstvo;Ukraine;WIKI
VAT|ВАТ|PAT|ПАТ;Вiдкрите акцiонерне товариство|Vidkryte aktsionerne tovarystvo|Публічне акціонерне товариство|Publichne aktsionerne tovarystvo;Ukraine;WIKI
ZAT|ЗАТ|PrAT|ПрАТ;Закрите акцiонерне товариство|Zakryte Aktsionerne Tovarystvo|Приватне акціонерне товариство|Prytvatne aktsionerne tovarystvo;Ukraine;WIKI
AT|АТ;Акціонерне товариство|Aktsionerne tovarystvo;Ukraine;WIKI
CIC;community interest company;Ukraine;WIKI
CIO;Charitable Incorporated Organisation;United Kingdom;WIKI
;Industrial and provident society;United Kingdom;WIKI
;General partnership;United Kingdom;WIKI
LLP;Limited liability partnership;United Kingdom;WIKI
;Scottish limited partnerships;United Kingdom;WIKI
LP;Limited partnership;United Kingdom;WIKI
;Private company limited by shares;United Kingdom;WIKI
;Private company limited by guarantee;United Kingdom;WIKI
PLC |CCC;Public Limited Company|Welsh Cwmni Cyfyngedig Cyhoeddus;United Kingdom;WIKI
Ltd|Cyf;Private Limited Companies|Limited or Welsh Cyfyngedig;United Kingdom;WIKI
cwmni;Unlimited company|anghyfyngedig;United Kingdom;WIKI
;Sole proprietorship|Sole traders;United Kingdom;WIKI
;Sole proprietorship;United Kingdom;WIKI
;Trust;United States;WIKI
;General partnership;United States;WIKI
LP;Limited partnership;United States;WIKI
LLP;Limited Liability Partnership;United States;WIKI
LLLP;Limited Liability Limited Partnership;United States;WIKI
LLC|LC|Ltd. Co.;Limited Liability Company;United States;WIKI
PLLC;Professional Limited Liability Company;United States;WIKI
Corp.|Inc.;Corporation|Incorporated;United States;WIKI
PC|P.C;Professional corporation;United States;WIKI
NA;National Association;United States;WIKI
FSB;Federal Savings Bank;United States;WIKI
NT&SA;National Trust and Savings Association;United States;WIKI
;Federal Credit Union;United States;WIKI
MChJ;Mas'uliyati Cheklangan Jamiyat|Масъулияти Чекланган Жамият;Uzbekistan;WIKI
QMJ;Qo'shimcha ma'suliyatli jamiyat|Қўшимча масъулиятли жамият;Uzbekistan;WIKI
AJ;Aksiyadorlik jamiyati|Акциядорлик жамияти;Uzbekistan;WIKI
OAJ ;Ochiq aksiyadorlik jamiyati|Очиқ акциядорлик жамияти;Uzbekistan;WIKI
YoAJ;Yopiq aksiyadorlik jamiyati|Ёпиқ акциядорлик жамияти;Uzbekistan;WIKI
XK;Xususiy korxona|Хусусий корхона;Uzbekistan;WIKI
XT ;Xususiy tadbirkorlik|Хусусий тадбиркорлик;Uzbekistan;WIKI
OK ;Oilaviy korxona|Оилавий корхона;Uzbekistan;WIKI
UK;Unitar korxona|Унитар корхона;Uzbekistan;WIKI
QK;Qo'shma korxona|Қўшма корхона;Uzbekistan;WIKI
Cty TNHH;Công ty trách nhiệm hữu hạn|Company with Limited Liablity;Uzbekistan;WIKI
Cty TNHH MTV;Công ty trách nhiệm hữu hạn một thành viên;Vietnam;WIKI
Cty CP;Công ty cổ phần|Company with Joint Stock;Vietnam;WIKI
;Công ty hợp danh|Company of Partners;Vietnam;WIKI
;Doanh nghiệp hợp danh|Enterprise Partnership;Vietnam;WIKI
DNNN;Doanh nghiệp nhà nước|Enterprise of the State;Vietnam;WIKI
DNTN;Doanh nghiệp tư nhân|Enterprise Private;Vietnam;WIKI
DTNN;Doanh nghiệp có vốn đầu tư nước ngoài|Enterprise with Foreign Investment;Vietnam;WIKI
HTX;Hợp tác xã|Co-operation;Vietnam;WIKI
;Chi nhánh;Vietnam;WIKI
;Nhóm Cty|Công Ty|Group Company;Vietnam;WIKI
